{"mean": [-82.8698153828954, -89.20040499669463, -93.00588307894766, -95.00429570380871, -96.19252998049754, -96.28127473478393, -96.17855744659684, -95.58183298437369, -94.96815458928616, -94.12911726765175, -93.21125867757127, -92.93115010215149, -93.72892603504465, -95.26498336354769, -97.2090481285164, -98.98329508553437, -100.23506990528756, -100.78816775168828, -101.27256581480128, -102.3599067148042, -103.40499303053767, -104.12708611543361, -105.2302981124408, -106.72139929037314, -107.87006116421206, -108.53893370620537, -108.7737822830786, -108.76722778732767, -109.19205889032058, -109.51144258590953, -110.06128573806902, -110.68278387922167], "scale": [13.33682185806747, 13.775155685117024, 12.774168575145648, 12.019160957900347, 11.673170083992906, 11.594199688274614, 11.59380535358819, 11.881688398104972, 12.040090451004486, 11.926976140229556, 11.75541785614563, 11.609316769043238, 11.510762969014252, 11.408302140111548, 11.128570965139698, 10.818924476361552, 10.527958367184825, 10.462895422566477, 10.40148404065382, 10.210215112404649, 9.977986064400175, 9.92651021827144, 9.857214487638652, 9.41635585860592, 8.88871691783646, 8.553303670506418, 8.423970108026156, 8.589198313304715, 8.521010099614944, 8.435405350846741, 8.181451088161827, 7.805276634271145], "var": [177.87081727382625, 189.75491414921186, 163.1793827862386, 144.46023013191598, 136.26289980982696, 134.42546641158714, 134.41632257689017, 141.1745191896623, 144.96377806836944, 142.2527598496051, 138.18984897258753, 134.77623584398853, 132.4976641288298, 130.14935772007374, 123.84509172615032, 117.04912682521508, 110.83790738117696, 109.47218062356254, 108.19087024797612, 104.24849264157629, 99.5602059013641, 98.53560511344732, 97.16467745531334, 88.66775765590202, 79.0092884454321, 73.15900367989856, 70.96327238091821, 73.77432766527656, 72.60761311773987, 71.15606343309385, 66.93614190798435, 60.9223433374991]}