{
    "mean": [
        -82.57357661,
        -89.12564008,
        -93.23662388,
        -95.32481388,
        -96.47558447,
        -96.35837345,
        -96.14833304,
        -95.84638793,
        -95.42288602,
        -94.76550548,
        -94.18323297,
        -94.34000033,
        -95.58174175,
        -97.36718134,
        -99.27534429,
        -100.84079808,
        -101.85531216,
        -102.291752,
        -102.82575752,
        -104.22657851,
        -105.53102719,
        -106.39512612,
        -107.29702331,
        -108.29232702,
        -109.10449404,
        -109.80674313,
        -110.13400978,
        -110.17315762,
        -110.49009311,
        -110.74435642,
        -111.3217897,
        -111.76828622
    ],
    "scale": [
        13.167202081687666,
        13.449314455763163,
        12.434100681191222,
        12.00520614108729,
        11.960930687450706,
        11.951326259457568,
        11.928206457804123,
        11.95987959136713,
        11.87306287568629,
        11.814418670844537,
        11.819390076057225,
        11.828355817695035,
        11.822799417227715,
        11.649521699194349,
        11.309678227960333,
        10.941155422531937,
        10.65852447058222,
        10.570145731256499,
        10.445255411908319,
        10.106821373211263,
        9.704666371390621,
        9.435951683322674,
        9.191423845085156,
        8.911236996062891,
        8.608398997490765,
        8.240187412310474,
        8.09076470736852,
        8.130641027003959,
        7.992740620713273,
        7.894367179831453,
        7.673352289579829,
        7.4182050106477915
    ],
    "var": [
        173.37521066,
        180.88405933,
        154.60685975,
        144.12497449,
        143.06386291,
        142.83419936,
        142.2821093,
        143.03871984,
        140.96962205,
        139.58048853,
        139.69798177,
        139.91000135,
        139.77858606,
        135.71135582,
        127.90882162,
        119.70888198,
        113.60414389,
        111.72798078,
        109.10336062,
        102.14783827,
        94.18054938,
        89.03718417,
        84.4822723,
        79.4101448,
        74.1045333,
        67.90068859,
        65.46047355,
        66.10732351,
        63.88390263,
        62.32103317,
        58.88033536,
        55.02976558
    ]
}