{
  "profile_id": "sanded_piezo_9_1_2",
  "version": 1,
  "sensor_info": "piezo",
  "sample_rate": 44100,
  "window_seconds": 2.5,
  "interval_seconds": 0.5,
  "created": "2026-06-24",
  "window_count": 6300,
  "statistics": {
    "T001": {
      "std": {
        "count": 6300,
        "mean": 0.004353022367216735,
        "median": 0.003277392126619816,
        "std": 0.003556462537156511,
        "minimum": 0.0010417395969852805,
        "maximum": 0.03393973410129547,
        "p5": 0.0015111270651686937,
        "p95": 0.011048895306885225
      },
      "peak_to_peak": {
        "count": 6300,
        "mean": 0.10704386877635169,
        "median": 0.0577392578125,
        "std": 0.1623184433297452,
        "minimum": 0.013153076171875,
        "maximum": 1.996490478515625,
        "p5": 0.020172119140625,
        "p95": 0.36181640625
      }
    },
    "T002": {
      "rms": {
        "count": 6300,
        "mean": 0.004353024206597299,
        "median": 0.0032773935236036777,
        "std": 0.00355646407435037,
        "minimum": 0.0010417398298159242,
        "maximum": 0.03393973410129547,
        "p5": 0.001511127850972116,
        "p95": 0.011048898333683593
      }
    },
    "T003": {
      "peak_amplitude": {
        "count": 6300,
        "mean": 0.0573681398421999,
        "median": 0.03070068359375,
        "std": 0.08836200460008009,
        "minimum": 0.006683349609375,
        "maximum": 0.999969482421875,
        "p5": 0.01055908203125,
        "p95": 0.19818115234375
      }
    },
    "T004": {
      "clipping_ratio": {
        "count": 6300,
        "mean": 2.8794586617715864e-08,
        "median": 0.0,
        "std": 7.221645584125231e-07,
        "minimum": 0.0,
        "maximum": 1.8140589569160997e-05,
        "p5": 0.0,
        "p95": 0.0
      },
      "clipped_samples": {
        "count": 6300,
        "mean": 0.0031746031746031746,
        "median": 0.0,
        "std": 0.07961864256498065,
        "minimum": 0.0,
        "maximum": 2.0,
        "p5": 0.0,
        "p95": 0.0
      }
    },
    "T005": {
      "crest_factor": {
        "count": 6300,
        "mean": 13.191673907646765,
        "median": 7.918108388981355,
        "std": 11.521713249839737,
        "minimum": 3.721741773037835,
        "maximum": 78.50979199910789,
        "p5": 4.461815338508016,
        "p95": 38.31382309167109
      }
    },
    "T006": {
      "dc_offset": {
        "count": 6300,
        "mean": -1.6621396994571694e-06,
        "median": -1.2640228419513733e-06,
        "std": 4.959438002429335e-06,
        "minimum": -6.622660293942317e-05,
        "maximum": 8.554914529668167e-05,
        "p5": -8.158878245012602e-06,
        "p95": 4.037703934045563e-06
      }
    },
    "T007": {
      "zero_crossing_rate": {
        "count": 6300,
        "mean": 0.15567880182334734,
        "median": 0.13913051365545265,
        "std": 0.07387349376096754,
        "minimum": 0.02094350062132083,
        "maximum": 0.34296002684831606,
        "p5": 0.0526988906928861,
        "p95": 0.2847404511605547
      }
    },
    "F001": {
      "spectral_centroid": {
        "count": 6300,
        "mean": 1599.2696587871442,
        "median": 1240.1768295999918,
        "std": 1060.800540407913,
        "minimum": 199.19145635419133,
        "maximum": 6368.863321118212,
        "p5": 461.8171164101768,
        "p95": 3810.8437811602116
      },
      "spectral_bandwidth": {
        "count": 6300,
        "mean": 3326.009505899532,
        "median": 3216.169456612878,
        "std": 1364.917379027189,
        "minimum": 527.6315964292017,
        "maximum": 7500.762581810865,
        "p5": 1235.6480579674167,
        "p95": 5778.994063196389
      },
      "spectral_rolloff": {
        "count": 6300,
        "mean": 2256.6314285714284,
        "median": 1085.8000000000002,
        "std": 2565.8193564548296,
        "minimum": 104.0,
        "maximum": 17979.2,
        "p5": 415.6,
        "p95": 6116.179999999992
      }
    },
    "F002": {
      "spectral_flatness": {
        "count": 6300,
        "mean": 0.045612873691358836,
        "median": 0.03465757198366505,
        "std": 0.037558503144789465,
        "minimum": 0.001199827178301231,
        "maximum": 0.2383406018663289,
        "p5": 0.0063700248616172924,
        "p95": 0.12452312439312259
      }
    },
    "F003": {
      "band_0_500_ratio": {
        "count": 6300,
        "mean": 0.44553757317575765,
        "median": 0.45049610515995087,
        "std": 0.2851547664093972,
        "minimum": 0.003968289473221933,
        "maximum": 0.9867015314140424,
        "p5": 0.05820571999666098,
        "p95": 0.862059287882814
      },
      "band_500_2000_ratio": {
        "count": 6300,
        "mean": 0.40515587228681227,
        "median": 0.383644227437376,
        "std": 0.261468866242689,
        "minimum": 0.004982681543008679,
        "maximum": 0.9688950618251176,
        "p5": 0.05093419705842405,
        "p95": 0.8536415893585498
      },
      "band_2000_8000_ratio": {
        "count": 6300,
        "mean": 0.10304735095590224,
        "median": 0.043686645685837924,
        "std": 0.15213941514276016,
        "minimum": 0.0016660951347244057,
        "maximum": 0.974167425129765,
        "p5": 0.00619068523811081,
        "p95": 0.45103177588892357
      },
      "band_8000_22050_ratio": {
        "count": 6300,
        "mean": 0.0462575109551923,
        "median": 0.0324556645286842,
        "std": 0.04315733599343009,
        "minimum": 0.0005582989754499171,
        "maximum": 0.30371057579113125,
        "p5": 0.004318712690139641,
        "p95": 0.13853667342739
      }
    },
    "F004": {
      "hum_ratio": {
        "count": 6300,
        "mean": 0.021278572666138067,
        "median": 0.016798978821927584,
        "std": 0.02566496297506338,
        "minimum": 4.11251525841604e-05,
        "maximum": 0.2389239395867842,
        "p5": 0.0005494086462168175,
        "p95": 0.05692272237538015
      },
      "hum_energy": {
        "count": 6300,
        "mean": 1957.7830426825603,
        "median": 329.19509574381243,
        "std": 7486.9651321336205,
        "minimum": 2.3933673131569093,
        "maximum": 162544.19537064392,
        "p5": 7.59292460464225,
        "p95": 7499.519016816469
      }
    }
  }
}